{"frames":{"St2BG10.png":{"frame":{"x":0,"y":0,"w":384,"h":240},"rotated":false,"trimmed":false,"spriteSourceSize":{"x":0,"y":0,"w":384,"h":240},"sourceSize":{"w":384,"h":240}},"St2BG11.png":{"frame":{"x":384,"y":0,"w":384,"h":240},"rotated":false,"trimmed":false,"spriteSourceSize":{"x":0,"y":0,"w":384,"h":240},"sourceSize":{"w":384,"h":240}},"St2BG12.png":{"frame":{"x":768,"y":0,"w":384,"h":240},"rotated":false,"trimmed":false,"spriteSourceSize":{"x":0,"y":0,"w":384,"h":240},"sourceSize":{"w":384,"h":240}},"St2BG13.png":{"frame":{"x":0,"y":240,"w":384,"h":240},"rotated":false,"trimmed":false,"spriteSourceSize":{"x":0,"y":0,"w":384,"h":240},"sourceSize":{"w":384,"h":240}},"St2BG14.png":{"frame":{"x":384,"y":240,"w":384,"h":240},"rotated":false,"trimmed":false,"spriteSourceSize":{"x":0,"y":0,"w":384,"h":240},"sourceSize":{"w":384,"h":240}},"St2BG15.png":{"frame":{"x":768,"y":240,"w":384,"h":240},"rotated":false,"trimmed":false,"spriteSourceSize":{"x":0,"y":0,"w":384,"h":240},"sourceSize":{"w":384,"h":240}},"St2BG16.png":{"frame":{"x":0,"y":480,"w":384,"h":240},"rotated":false,"trimmed":false,"spriteSourceSize":{"x":0,"y":0,"w":384,"h":240},"sourceSize":{"w":384,"h":240}},"St2BG17.png":{"frame":{"x":384,"y":480,"w":384,"h":240},"rotated":false,"trimmed":false,"spriteSourceSize":{"x":0,"y":0,"w":384,"h":240},"sourceSize":{"w":384,"h":240}},"St2BG18.png":{"frame":{"x":768,"y":480,"w":384,"h":240},"rotated":false,"trimmed":false,"spriteSourceSize":{"x":0,"y":0,"w":384,"h":240},"sourceSize":{"w":384,"h":240}},"St2BG19.png":{"frame":{"x":0,"y":720,"w":384,"h":240},"rotated":false,"trimmed":false,"spriteSourceSize":{"x":0,"y":0,"w":384,"h":240},"sourceSize":{"w":384,"h":240}},"St2BG110.png":{"frame":{"x":384,"y":720,"w":384,"h":240},"rotated":false,"trimmed":false,"spriteSourceSize":{"x":0,"y":0,"w":384,"h":240},"sourceSize":{"w":384,"h":240}}},"meta":{"app":"https://github.com/piskelapp/piskel/","version":"1.0","image":"St2BG1.png","format":"RGBA8888","size":{"w":1152,"h":960}}}